<?xml version="1.0"?>
<doc>
    <assembly>
        <name>BAMENG.API</name>
    </assembly>
    <members>
        <member name="T:BAMENG.API.RouteConfig">
            <summary>
            路由配置
            </summary>
        </member>
        <member name="M:BAMENG.API.RouteConfig.RegisterRoutes(System.Web.Routing.RouteCollection)">
            <summary>
            注册路由
            </summary>
            <param name="routes">The routes.</param>
        </member>
        <member name="T:BAMENG.API.BaseController">
            <summary>
            Class BaseController.
            </summary>
            <seealso cref="T:System.Web.Mvc.Controller" />
        </member>
        <member name="M:BAMENG.API.BaseController.Json(System.Object,System.String,System.Text.Encoding)">
            <summary>
            创建一个将指定对象序列化为 JavaScript 对象表示法 (JSON) 格式的 <see cref="T:System.Web.Mvc.JsonResult" /> 对象。
            </summary>
            <param name="data">要序列化的 JavaScript 对象图。</param>
            <param name="contentType">内容类型（MIME 类型）。</param>
            <param name="contentEncoding">内容编码。</param>
            <returns>将指定对象序列化为 JSON 格式的 JSON 结果对象。</returns>
        </member>
        <member name="M:BAMENG.API.BaseController.Json(System.Object,System.String,System.Web.Mvc.JsonRequestBehavior)">
            <summary>
            Jsons the specified data.
            </summary>
            <param name="data">The data.</param>
            <param name="contentType">Type of the content.</param>
            <param name="jsonRequest">The json request.</param>
            <returns>JsonResult.</returns>
        </member>
        <member name="M:BAMENG.API.BaseController.Json(System.Object,System.Web.Mvc.JsonRequestBehavior)">
            <summary>
            Jsons the specified data.
            </summary>
            <param name="data">The data.</param>
            <param name="jsonRequest">The json request.</param>
            <returns>JsonResult.</returns>
        </member>
        <member name="M:BAMENG.API.BaseController.Json(System.Object)">
            <summary>
            创建一个将指定对象序列化为 JavaScript 对象表示法 (JSON) 的 <see cref="T:System.Web.Mvc.JsonResult" /> 对象。
            </summary>
            <param name="data">要序列化的 JavaScript 对象图。</param>
            <returns>将指定对象序列化为 JSON 格式的 JSON 结果对象。在执行此方法所准备的结果对象时，ASP.NET MVC 框架会将该对象写入响应。</returns>
        </member>
        <member name="M:BAMENG.API.BaseController.GetParams(System.Web.HttpRequestBase)">
            <summary>
            获取 get/post 数据
            </summary>        
            <returns></returns>
        </member>
        <member name="P:BAMENG.API.BaseController.Version">
            <summary>
            版本号
            </summary>
            <value>The application version.</value>
        </member>
        <member name="P:BAMENG.API.BaseController.OS">
            <summary>
            系统 android / iphone
            </summary>
            <value>The os.</value>
        </member>
        <member name="P:BAMENG.API.BaseController.timestamp">
            <summary>
            时间戳
            </summary>
            <value>The timestamp.</value>
        </member>
        <member name="M:BAMENG.API.BaseController.GetQuery(System.String,System.String)">
            <summary>
            获取请求参数
            </summary>
            <param name="key">The key.</param>
            <param name="defaultValue">The default value.</param>
            <returns>System.String.</returns>
        </member>
        <member name="M:BAMENG.API.BaseController.GetQuery(System.String,System.Int32)">
            <summary>
            获取请求参数
            </summary>
            <param name="key">The key.</param>
            <param name="defaultValue">The default value.</param>
            <returns>System.Int32.</returns>
        </member>
        <member name="M:BAMENG.API.BaseController.GetQuery(System.String,System.Decimal)">
            <summary>
            获取请求参数
            </summary>
            <param name="key">The key.</param>
            <param name="defaultValue">The default value.</param>
            <returns>System.Decimal.</returns>
        </member>
        <member name="M:BAMENG.API.BaseController.OnActionExecuting(System.Web.Mvc.ActionExecutingContext)">
            <summary>
            在调用操作方法前调用。
            </summary>
            <param name="filterContext">有关当前请求和操作的信息。</param>
        </member>
        <member name="M:BAMENG.API.BaseController.GetUserData">
            <summary>
            只有在授权成功后，才能获取到
            </summary>
            <returns>UserModel.</returns>
        </member>
        <member name="M:BAMENG.API.BaseController.GetAuthUserId">
            <summary>
            获取授权用户ID
            </summary>
            <returns>System.Int32.</returns>
        </member>
        <member name="T:BAMENG.API.Controllers.ArticleController">
            <summary>
            资讯接口
            </summary>
        </member>
        <member name="M:BAMENG.API.Controllers.ArticleController.list(System.Int32,System.Int32,System.Int32)">
            <summary>
            资讯列表  article/list
            </summary>
            <param name="identity">资讯身份 0集团，1总店，2分店  3盟主 4盟友</param>
            <param name="pageIndex">Index of the page.</param>
            <param name="pageSize">Size of the page.</param>
            <returns>ActionResult.</returns>
            <example>
              <code>
            {
            status:200,
            statusText:"OK",
            data:{
            list:{
            ResultPageModel
            },
            top:[
            {
            ArticleBaseModel
            }]
            }
            }
            </code>
            </example>
        </member>
        <member name="M:BAMENG.API.Controllers.ArticleController.create(System.String,System.String,System.String)">
            <summary>
            创建资讯
            </summary>
            <param name="title">资讯标题</param>
            <param name="content">资讯内容</param>
            <param name="ids">发送对象,格式如:1|2|3</param>
            <returns>ActionResult.</returns>
        </member>
        <member name="T:BAMENG.API.Controllers.CustomerController">
            <summary>
            客户接口
            </summary>
        </member>
        <member name="M:BAMENG.API.Controllers.CustomerController.list(System.Int32,System.Int32,System.Int32)">
            <summary>
            客户列表 POST: customer/list
            </summary>
            <param name="type">0所有客户 1未处理  2已处理</param>
            <param name="pageIndex">Index of the page.</param>
            <param name="pageSize">Size of the page.</param>
            <returns><![CDATA[{status:200,statusText:"OK",data:{}}]]></returns>
        </member>
        <member name="M:BAMENG.API.Controllers.CustomerController.audit(System.Int32,System.Int32)">
            <summary>
            审核 POST: customer/audit
            </summary>
            <param name="cid">客户ID</param>
            <param name="status">审核状态 1已同意  2已拒绝</param>
            <returns><![CDATA[{status:200,statusText:"OK",data:{}}]]></returns>
        </member>
        <member name="M:BAMENG.API.Controllers.CustomerController.create(System.String,System.String,System.String,System.String)">
            <summary>
            创建客户 POST: customer/create
            </summary>
            <param name="username">客户姓名</param>
            <param name="mobile">客户手机</param>
            <param name="address">客户地址</param>
            <param name="remark">客户备注</param>
            <returns><![CDATA[{status:200,statusText:"OK",data:{}}]]></returns>
        </member>
        <member name="M:BAMENG.API.Controllers.CustomerController.details(System.Int32)">
            <summary>
            客户详情
            </summary>
            <param name="cid">客户ID</param>
            <returns>ActionResult.</returns>
        </member>
        <member name="M:BAMENG.API.Controllers.CustomerController.UpdateInShop(System.Int32,System.Int32)">
            <summary>
            更新客户进店状态
            </summary>
            <param name="cid">客户ID</param>
            <param name="status">1进店 0未进店</param>
            <returns>ActionResult.</returns>
        </member>
        <member name="T:BAMENG.API.Controllers.OrderController">
            <summary>
            订单接口
            </summary>
            <seealso cref="T:System.Web.Mvc.Controller" />
        </member>
        <member name="M:BAMENG.API.Controllers.OrderController.myList(System.Int32,System.Int64)">
            <summary>
            我的订单列表 POST: order/myList
            </summary>
            <param name="type">-1全部 0 未成交 1 已成交 2退单</param>
            <param name="lastId">最后的时间</param>
            <returns></returns>
        </member>
        <member name="M:BAMENG.API.Controllers.OrderController.details(System.Int32)">
            <summary>
            订单详情 POST: order/details
            </summary>
            <param name="id">订单id</param>
            <returns></returns>
        </member>
        <member name="M:BAMENG.API.Controllers.OrderController.create(System.String,System.String,System.String,System.String,System.String)">
            <summary>
             创建订单 POST: order/create
            </summary>
            <param name="userName">客户名</param>
            <param name="mobile">手机号</param>
            <param name="address">客户地址</param>
            <param name="cashNo">现金卷编号</param>
            <param name="memo">备注</param>
            <returns></returns>
        </member>
        <member name="M:BAMENG.API.Controllers.OrderController.update">
            <summary>
            修改订单 POST: order/update
            </summary>
            <returns><![CDATA[{status:200,statusText:"OK",data:{}}]]></returns>
        </member>
        <member name="M:BAMENG.API.Controllers.OrderController.success">
            <summary>
            订单成交信息提交 POST: order/success
            </summary>
            <returns><![CDATA[{status:200,statusText:"OK",data:{}}]]></returns>
        </member>
        <member name="M:BAMENG.API.Controllers.OrderController.UploadSuccessVoucher">
            <summary>
            上传成交凭证 POST: order/UploadSuccessVoucher
            </summary>
            <returns><![CDATA[{status:200,statusText:"OK",data:{}}]]></returns>
        </member>
        <member name="M:BAMENG.API.Controllers.OrderController.SendInstationMessage">
            <summary>
            发送站内消息 POST: order/SendInstationMessage
            </summary>
            <returns><![CDATA[{status:200,statusText:"OK",data:{}}]]></returns>
        </member>
        <member name="M:BAMENG.API.Controllers.OrderController.InstationMessageList">
            <summary>
            站内消息列表 POST: order/InstationMessageList
            </summary>
            <returns><![CDATA[{status:200,statusText:"OK",data:{}}]]></returns>
        </member>
        <member name="T:BAMENG.API.Controllers.SysController">
            <summary>
            全局接口
            </summary>
        </member>
        <member name="M:BAMENG.API.Controllers.SysController.Init">
            <summary>
            初始化接口 POST: sys/init
            </summary>
            <returns><![CDATA[{status:200,statusText:"OK",data:{}}]]></returns>
        </member>
        <member name="M:BAMENG.API.Controllers.SysController.CheckUpdate(System.String)">
            <summary>
            检查更新 POST: sys/checkupdate
            </summary>
            <param name="clientVersion">客户的版本号</param>
            <returns><![CDATA[{status:200,statusText:"OK",data:{ AppVersionModel }}]]></returns>
        </member>
        <member name="M:BAMENG.API.Controllers.SysController.SendSms(System.String,System.Int32)">
            <summary>
            发送短信 POST: sys/sendsms
            </summary>
            <param name="mobile">The mobile.</param>
            <param name="type">1普通短信  2语音短信</param>
            <returns><![CDATA[{status:200,statusText:"OK",data:{}}]]></returns>
        </member>
        <member name="M:BAMENG.API.Controllers.SysController.FocusPic(System.Int32)">
            <summary>
            焦点图片 POST: sys/focuspic
            </summary>
            <param name="type">0集团轮播图，2 首页轮播图</param>
            <returns><![CDATA[{status:200,statusText:"OK",data:[{FocusPicModel},{FocusPicModel}]}]]></returns>
        </member>
        <member name="M:BAMENG.API.Controllers.SysController.UploadPic">
            <summary>
            上传图片 POST: sys/uploadpic
            </summary>
            <returns><![CDATA[{ picurl:"/resource/bameng/image/xxxxx.jpg" }]]></returns>
        </member>
        <member name="M:BAMENG.API.Controllers.SysController.MyLocation(System.String,System.String)">
            <summary>
            我的位置
            </summary>
            <param name="mylocation">我的位置</param>
            <param name="lnglat">经纬度,精度和纬度，用英文逗号隔开</param>
            <returns>ActionResult.</returns>
        </member>
        <member name="T:BAMENG.API.Controllers.UserController">
            <summary>
            用户相关接口
            </summary>
        </member>
        <member name="M:BAMENG.API.Controllers.UserController.Login(System.String,System.String)">
            <summary>
            登陆接口 POST:  user/login
            </summary>
            <param name="loginName">Name of the login.</param>
            <param name="password">The password.</param>
            <returns><![CDATA[{status:200,statusText:"OK",data:{}}]]></returns>
        </member>
        <member name="M:BAMENG.API.Controllers.UserController.SignIn">
            <summary>
            签到  POST: user/signin
            </summary>
            <returns><![CDATA[{status:200,statusText:"OK",data:{}}]]></returns>
        </member>
        <member name="M:BAMENG.API.Controllers.UserController.ForgetPwd(System.String,System.String,System.String)">
            <summary>
            忘记密码   POST: user/forgetpwd
            </summary>
            <param name="mobile">The mobile.</param>
            <param name="password">The password.</param>
            <param name="verifyCode">The verify code.</param>
            <returns><![CDATA[{status:200,statusText:"OK",data:{}}]]></returns>
        </member>
        <member name="M:BAMENG.API.Controllers.UserController.TempSettleBeanList">
            <summary>
            待结算盟豆列表 POST: user/tempsettlebeanlist
            </summary>
            <returns><![CDATA[{ status:200,statusText:"OK",data:{}}]]></returns>
        </member>
        <member name="M:BAMENG.API.Controllers.UserController.ConvertToBean">
            <summary>
            兑换盟豆 POST: user/ConvertToBean
            </summary>
            <returns><![CDATA[{status:200,statusText:"OK",data:{}}]]></returns>
        </member>
        <member name="M:BAMENG.API.Controllers.UserController.ConvertFlow">
            <summary>
            兑换记录流水 POST: user/ConvertFlow
            </summary>
            <returns><![CDATA[{status:200,statusText:"OK",data:{}}]]></returns>
        </member>
        <member name="M:BAMENG.API.Controllers.UserController.allylist(System.Int32,System.Int32)">
            <summary>
            盟友列表 POST: user/allylist
            </summary>
            <param name="pageIndex">Index of the page.</param>
            <param name="pageSize">Size of the page.</param>
            <returns><![CDATA[{status:200,statusText:"OK",data:{}}]]></returns>
        </member>
        <member name="M:BAMENG.API.Controllers.UserController.ConvertAuditList">
            <summary>
            兑换审核列表 POST: user/ConvertAuditList
            </summary>
            <returns><![CDATA[{status:200,statusText:"OK",data:{}}]]></returns>
        </member>
        <member name="M:BAMENG.API.Controllers.UserController.ConvertAudit">
            <summary>
            兑换审核 POST: user/ConvertAudit
            </summary>
            <returns><![CDATA[{status:200,statusText:"OK",data:{}}]]></returns>
        </member>
        <member name="M:BAMENG.API.Controllers.UserController.MyInfo">
            <summary>
            个人信息 POST: user/myinfo
            </summary>
            <returns><![CDATA[{status:200,statusText:"OK",data:{}}]]></returns>
        </member>
        <member name="M:BAMENG.API.Controllers.UserController.UpdateInfo">
            <summary>
            修改用户信息 POST: user/UpdateInfo
            </summary>
            <returns><![CDATA[{status:200,statusText:"OK",data:{}}]]></returns>
        </member>
        <member name="M:BAMENG.API.Controllers.UserController.setallyRaward(System.Decimal,System.Decimal,System.Decimal)">
            <summary>
            设置盟友奖励 POST: user/setallyraward
            </summary>
            <param name="creward">客户资料提交奖励</param>
            <param name="orderreward">订单成交奖励</param>
            <param name="shopreward">客户进店奖励</param>
            <returns><![CDATA[{status:200,statusText:"OK",data:{}}]]></returns>
        </member>
        <member name="M:BAMENG.API.Controllers.UserController.GetAllyReward">
            <summary>
            获取盟主的盟友奖励设置
            </summary>
            <returns>ActionResult.</returns>
        </member>
        <member name="M:BAMENG.API.Controllers.UserController.scoreList">
            <summary>
            积分列表 POST: user/scoreList
            </summary>
            <returns><![CDATA[{status:200,statusText:"OK",data:{}}]]></returns>
        </member>
        <member name="M:BAMENG.API.Controllers.UserController.BeanFlowList">
            <summary>
            盟豆流水列表 POST: user/BeanFlowList
            </summary>
            <returns><![CDATA[{status:200,statusText:"OK",data:{}}]]></returns>
        </member>
        <member name="M:BAMENG.API.Controllers.UserController.AllyInfo(System.Int32)">
            <summary>
            盟友详情 POST: user/AllyInfo
            </summary>
            <param name="userid">盟友用户ID</param>
            <returns>JsonResult.</returns>
        </member>
        <member name="M:BAMENG.API.Controllers.UserController.AllyApply(System.Int32,System.String,System.String,System.String,System.String,System.Int32)">
            <summary>
            申请盟友接口 POST: user/AllyApply
            todo 
            </summary>
            <returns><![CDATA[{status:200,statusText:"OK",data:{}}]]></returns>
        </member>
        <member name="M:BAMENG.API.Controllers.UserController.AllyApplylist(System.Int32,System.Int32,System.Int32)">
            <summary>
            盟友申请列表 POST: user/AllyApplylist
            </summary>
            <param name="type">0盟友申请，1盟友列表</param>
            <param name="pageIndex">Index of the page.</param>
            <param name="pageSize">Size of the page.</param>
            <returns><![CDATA[{status:200,statusText:"OK",data:{}}]]></returns>
        </member>
        <member name="M:BAMENG.API.Controllers.UserController.AllyApplyAudit">
            <summary>
            盟友申请审核 POST: user/AllyApplyAudit
            </summary>
            <returns><![CDATA[{status:200,statusText:"OK",data:{}}]]></returns>
        </member>
        <member name="M:BAMENG.API.Controllers.UserController.ChanagePassword(System.String,System.String)">
            <summary>
            修改密码 POST: user/ChanagePassword
            </summary>
            <param name="oldPassword">The old password.</param>
            <param name="newPassword">The new password.</param>
            <returns><![CDATA[{status:200,statusText:"OK",data:{}}]]></returns>
        </member>
        <member name="M:BAMENG.API.Controllers.UserController.ChanageMobile(System.String,System.String,System.String)">
            <summary>
            修改手机号 POST: user/ChanageMobile
            </summary>
            <param name="mobile">The mobile.</param>
            <param name="verifyCode">The verify code.</param>
            <param name="newMobile">The new mobile.</param>
            <returns><![CDATA[{status:200,statusText:"OK",data:{}}]]></returns>
        </member>
        <member name="M:BAMENG.API.Controllers.UserController.MyCashCouponList">
            <summary>
            我的现金券列表 POST: user/MyCashCouponList
            </summary>
            <returns><![CDATA[{status:200,statusText:"OK",data:{}}]]></returns>
        </member>
        <member name="M:BAMENG.API.Controllers.UserController.MyBusiness">
            <summary>
            我的业务 POST: user/MyBusiness 
            todo
            </summary>
            <returns><![CDATA[{status:200,statusText:"OK",data:{}}]]></returns>
        </member>
        <member name="M:BAMENG.API.Controllers.UserController.MyTreasure">
            <summary>
            我的财富 POST: user/MyTreasure
            </summary>
            <returns><![CDATA[{status:200,statusText:"OK",data:{}}]]></returns>
        </member>
        <member name="M:BAMENG.API.Controllers.UserController.AllyHomeSummary">
            <summary>
            盟友首页汇总 POST: user/AllyHomeSummary
            </summary>
            <returns><![CDATA[{status:200,statusText:"OK",data:{}}]]></returns>
        </member>
        <member name="T:BAMENG.API.Base.CustomJsonResult">
            <summary>
            重写JsonResult方法，出来json时间格式问题
            </summary>
            <seealso cref="T:System.Web.Mvc.JsonResult" />
        </member>
        <member name="M:BAMENG.API.Base.CustomJsonResult.ExecuteResult(System.Web.Mvc.ControllerContext)">
            <summary>
            通过从 <see cref="T:System.Web.Mvc.ActionResult" /> 类继承的自定义类型，启用对操作方法结果的处理。
            </summary>
            <param name="context">执行结果时所处的上下文。</param>
            <exception cref="T:System.ArgumentNullException">context</exception>
        </member>
        <member name="T:BAMENG.API.AllowOriginAttribute">
            <summary>
            验证跨域访问权限
            </summary>
        </member>
        <member name="M:BAMENG.API.AllowOriginAttribute.onExcute(System.Web.Mvc.ControllerContext,System.String[])">
            <summary>
            Ons the excute.
            </summary>
            <param name="context">The context.</param>
            <param name="AllowSites">The allow sites.</param>
            <returns></returns>
        </member>
        <member name="T:BAMENG.API.ApiAuthorizeAttribute">
            <summary>
            验证签名
            </summary>    
            <example>
            <code><![CDATA[固定参数：os(android or iphone),version,timestamp]]></code>
            <code><![CDATA[签名格式：md5(key=value&key2=value2....+SECRET_KEY)]]></code>
            <code><![CDATA[请求方式：GET,POST,如无特殊说明，都按POST方式请求]]></code>
            </example>
        </member>
        <member name="M:BAMENG.API.ApiAuthorizeAttribute.onExcute(System.Web.Mvc.ActionExecutingContext)">
            <summary>
            Ons the excute.
            </summary>
            <param name="filterContext">The context.</param>
            <returns>ApiRequestStatusCode.</returns>
        </member>
        <member name="M:BAMENG.API.ApiAuthorizeAttribute.GetParams(System.Web.HttpRequestBase)">
            <summary>
            获取 get/post 数据
            </summary>
            <param name="Request"></param>
            <returns></returns>
        </member>
        <member name="T:BAMENG.API.ActionAuthorizeAttribute">
            <summary>
            设置action的访问权限
            </summary>
            <seealso cref="T:System.Web.Mvc.ActionFilterAttribute" />
        </member>
        <member name="P:BAMENG.API.ActionAuthorizeAttribute.AllowCrossDomainVisit">
            <summary>
            是否允许跨域访问，默认不开启跨域访问
            </summary>
            <value>true if [allow cross domain visit]; otherwise, false.</value>
        </member>
        <member name="P:BAMENG.API.ActionAuthorizeAttribute.AllowSites">
            <summary>
            设置允许跨域访问的网站
            </summary>
            <value>The allow sites.</value>
        </member>
        <member name="P:BAMENG.API.ActionAuthorizeAttribute.AuthLogin">
            <summary>
            身份授权登录
            </summary>
            <value>true if authentication; otherwise, false.</value>
        </member>
        <member name="P:BAMENG.API.ActionAuthorizeAttribute.EnableSign">
            <summary>
            启用签名,默认是启用
            </summary>
            <value>true if [enable sign]; otherwise, false.</value>
        </member>
        <member name="M:BAMENG.API.ActionAuthorizeAttribute.OnActionExecuting(System.Web.Mvc.ActionExecutingContext)">
            <summary>
            
            </summary>
            <param name="filterContext"></param>
        </member>
        <member name="T:BAMENG.API.MvcApplication">
            <summary>
            Class MvcApplication.
            </summary>
            <seealso cref="T:System.Web.HttpApplication" />
        </member>
        <member name="M:BAMENG.API.MvcApplication.Application_Start">
            <summary>
            Application_s the start.
            </summary>
        </member>
    </members>
</doc>
