<GhostDoc>
<IgnoreFilePatterns>
  <IgnoreFilePattern>*.min.js</IgnoreFilePattern>
  <IgnoreFilePattern>jquery*.js</IgnoreFilePattern>
</IgnoreFilePatterns>
  <SpellChecker>
    <IncludeExtensions>
    </IncludeExtensions>
    <IgnoreExtensions>
    </IgnoreExtensions>
    <IgnoreFiles>
      <IgnoreFile>.\BAMENG.ADMIN\static\js\admin\articlelist.js</IgnoreFile>
    </IgnoreFiles>
  </SpellChecker>
<HelpConfigurations selected="Custom Configuration">
  <HelpConfiguration name="HelpFile">
    <OutputPath>.\Help</OutputPath>
    <CleanupOutputPath>true</CleanupOutputPath>
    <HelpFileName>BAMENG</HelpFileName>
    <ImageFolderPath />
    <Theme>FlatMain</Theme>
    <HtmlFormats>
      <HtmlHelp>false</HtmlHelp>
      <MSHelpViewer>false</MSHelpViewer>
      <MSHelp2>false</MSHelp2>
      <Website>true</Website>
    </HtmlFormats>
    <IncludeScopes>
      <Public>true</Public>
      <Internal>false</Internal>
      <Protected>false</Protected>
      <Private>false</Private>
      <Inherited>false</Inherited>
      <InheritedFromReferences>false</InheritedFromReferences>
      <EnableTags>false</EnableTags>
      <TagList />
      <AutoGeneratedDocs />
      <DocsThatRequireEditing />
    </IncludeScopes>
    <SyntaxLanguages>
      <CSharp>true</CSharp>
      <VisualBasic>false</VisualBasic>
      <CPlusPlus>false</CPlusPlus>
    </SyntaxLanguages>
    <ResolveCrefLinks>true</ResolveCrefLinks>
    <HeaderText>霸盟接口文档</HeaderText>
    <FooterText />
    <SelectedProjects>
      <SelectedProject>BAMENG.API</SelectedProject>
    </SelectedProjects>
  </HelpConfiguration>
  <HelpConfiguration name="Custom Configuration">
    <OutputPath>..\BMHelp</OutputPath>
    <CleanupOutputPath>true</CleanupOutputPath>
    <HelpFileName />
    <ImageFolderPath />
    <Theme>FlatMain</Theme>
    <HtmlFormats>
      <HtmlHelp>true</HtmlHelp>
      <MSHelpViewer>false</MSHelpViewer>
      <MSHelp2>false</MSHelp2>
      <Website>true</Website>
    </HtmlFormats>
    <IncludeScopes>
      <Public>true</Public>
      <Internal>false</Internal>
      <Protected>false</Protected>
      <Private>false</Private>
      <Inherited>false</Inherited>
      <InheritedFromReferences>true</InheritedFromReferences>
      <EnableTags>false</EnableTags>
      <TagList />
      <AutoGeneratedDocs>Highlight</AutoGeneratedDocs>
      <DocsThatRequireEditing>Highlight</DocsThatRequireEditing>
    </IncludeScopes>
    <SyntaxLanguages>
      <CSharp>true</CSharp>
      <VisualBasic>false</VisualBasic>
      <CPlusPlus>false</CPlusPlus>
    </SyntaxLanguages>
    <ResolveCrefLinks>true</ResolveCrefLinks>
    <HeaderText>霸盟接口文档</HeaderText>
    <FooterText />
    <SelectedProjects>
      <SelectedProject>BAMENG.API</SelectedProject>
      <SelectedProject>BAMENG.MODEL</SelectedProject>
      <SelectedProject>BAMENG.API</SelectedProject>
    </SelectedProjects>
  </HelpConfiguration>
</HelpConfigurations>
<GeneralProperties>
  <SearchInheritedCommentsOnlyWithinProject>False</SearchInheritedCommentsOnlyWithinProject>
</GeneralProperties>
</GhostDoc>
